{
    "5": {
        "1": 305,
        "2": 161,
        "0": 356,
        "3": 59,
        "4": 22,
        "5": 3,
        "6": 1,
        "7": 1,
        "actual_atk_perc": 4.89127545324047
    },
    "10": {
        "4": 82,
        "6": 28,
        "2": 187,
        "3": 134,
        "1": 238,
        "0": 162,
        "5": 55,
        "7": 15,
        "8": 7,
        "actual_atk_perc": 10.346110904354298
    },
    "15": {
        "10": 5,
        "7": 22,
        "4": 124,
        "1": 155,
        "2": 161,
        "0": 96,
        "3": 159,
        "5": 89,
        "6": 65,
        "8": 15,
        "9": 15,
        "13": 1,
        "11": 1,
        "actual_atk_perc": 14.71635918974959
    },
    "20": {
        "5": 117,
        "12": 11,
        "7": 72,
        "4": 118,
        "3": 131,
        "2": 138,
        "6": 84,
        "1": 99,
        "10": 16,
        "0": 41,
        "9": 27,
        "8": 36,
        "11": 11,
        "13": 5,
        "14": 1,
        "17": 1,
        "actual_atk_perc": 20.591206337391675
    },
    "30": {
        "8": 75,
        "18": 2,
        "7": 85,
        "4": 90,
        "9": 47,
        "5": 90,
        "0": 24,
        "6": 106,
        "10": 51,
        "3": 103,
        "12": 26,
        "1": 53,
        "11": 35,
        "22": 1,
        "2": 64,
        "13": 27,
        "16": 5,
        "17": 3,
        "15": 11,
        "14": 8,
        "19": 1,
        "20": 1,
        "actual_atk_perc": 29.86336328353448
    }
}