{
    "5": {
        "1": 315,
        "0": 421,
        "2": 141,
        "3": 52,
        "5": 3,
        "4": 12,
        "actual_atk_perc": 4.726051198887988
    },
    "10": {
        "3": 151,
        "2": 227,
        "4": 81,
        "0": 192,
        "1": 249,
        "5": 30,
        "7": 2,
        "6": 11,
        "9": 1,
        "actual_atk_perc": 9.955982856480945
    },
    "15": {
        "3": 196,
        "4": 127,
        "1": 175,
        "5": 89,
        "2": 199,
        "6": 46,
        "7": 22,
        "0": 75,
        "9": 6,
        "10": 2,
        "8": 5,
        "11": 2,
        "actual_atk_perc": 15.521834819877215
    },
    "20": {
        "3": 160,
        "5": 123,
        "0": 43,
        "7": 56,
        "9": 13,
        "8": 23,
        "4": 172,
        "2": 162,
        "1": 113,
        "6": 66,
        "10": 10,
        "11": 2,
        "15": 1,
        "actual_atk_perc": 19.958299548245108
    },
    "30": {
        "5": 129,
        "9": 49,
        "4": 153,
        "1": 34,
        "10": 38,
        "11": 24,
        "6": 104,
        "3": 119,
        "2": 74,
        "8": 85,
        "7": 105,
        "12": 12,
        "17": 1,
        "0": 8,
        "13": 7,
        "16": 1,
        "19": 1,
        "actual_atk_perc": 30.157535039962934
    }
}