noise_level,total_problems,correct_predictions,accuracy,avg_execution_time
0,4908,3680,74.97962510187449,0.07539179190058191
5,4908,3550,72.33088834555828,0.07622679021170009
10,4908,3369,68.64303178484109,0.1081629854542702
15,4908,3291,67.05378973105135,0.08638725406091778
20,4908,3124,63.651181744091275,0.0763545538121933
30,4908,2847,58.007334963325185,0.08204336004132844
