noise_level,total_problems,correct_predictions,accuracy,avg_execution_time
0,4944,3582,72.4514563106796,0.08499862301889746
5,4944,3481,70.40857605177993,0.08382171585336086
10,4944,3346,67.6779935275081,0.08443356698384949
15,4944,3273,66.2014563106796,0.08543069361675905
20,4944,3085,62.398867313915865,0.19619445358086557
30,4944,2830,57.24110032362459,0.21841874940495662
