noise_level,total_problems,correct_predictions,accuracy,avg_execution_time
0,4944,3422,69.21521035598705,0.08617240518427975
5,4944,3309,66.92961165048543,0.08334124343873614
10,4944,3176,64.23948220064725,0.08102311068561086
15,4944,3098,62.661812297734635,0.08170577285744997
20,4944,2986,60.396440129449836,0.08182817355135884
30,4944,2678,54.166666666666664,0.08053055381504849
