{
    "5": {
        "0": 745,
        "1": 215,
        "2": 35,
        "3": 5,
        "actual_atk_perc": 5.014206919605549
    },
    "10": {
        "0": 511,
        "1": 381,
        "2": 83,
        "3": 20,
        "4": 4,
        "5": 1,
        "actual_atk_perc": 10.496406485040948
    },
    "15": {
        "1": 377,
        "0": 412,
        "2": 151,
        "4": 10,
        "3": 49,
        "5": 1,
        "actual_atk_perc": 14.557914089921445
    },
    "20": {
        "2": 193,
        "0": 318,
        "1": 379,
        "3": 80,
        "4": 21,
        "5": 7,
        "6": 1,
        "7": 1,
        "actual_atk_perc": 19.00384422530503
    },
    "30": {
        "3": 158,
        "2": 284,
        "0": 154,
        "1": 306,
        "4": 68,
        "5": 26,
        "6": 3,
        "7": 1,
        "actual_atk_perc": 29.6673909409995
    }
}