{
    "5": {
        "0": 398,
        "1": 329,
        "2": 166,
        "4": 4,
        "3": 45,
        "5": 2,
        "actual_atk_perc": 4.667007324135581
    },
    "10": {
        "1": 273,
        "4": 72,
        "2": 246,
        "3": 156,
        "0": 157,
        "5": 29,
        "6": 10,
        "7": 1,
        "actual_atk_perc": 9.839323227161756
    },
    "15": {
        "2": 228,
        "3": 223,
        "5": 87,
        "4": 151,
        "0": 45,
        "1": 149,
        "7": 17,
        "8": 4,
        "6": 39,
        "9": 1,
        "actual_atk_perc": 15.369329472548685
    },
    "20": {
        "4": 195,
        "6": 81,
        "3": 210,
        "5": 146,
        "1": 78,
        "2": 151,
        "8": 18,
        "7": 37,
        "9": 8,
        "0": 18,
        "10": 2,
        "actual_atk_perc": 19.8773633111906
    },
    "30": {
        "3": 118,
        "10": 37,
        "8": 87,
        "1": 13,
        "9": 59,
        "6": 140,
        "4": 130,
        "5": 157,
        "12": 4,
        "7": 124,
        "2": 61,
        "11": 12,
        "0": 1,
        "14": 1,
        "actual_atk_perc": 30.05166638278544
    }
}