{
    "10": {
        "1": 194,
        "0": 786,
        "2": 20,
        "actual_atk_perc": 10.236220472440944
    },
    "20": {
        "0": 582,
        "1": 351,
        "2": 63,
        "3": 4,
        "actual_atk_perc": 21.391076115485564
    },
    "30": {
        "0": 451,
        "1": 450,
        "2": 94,
        "3": 5,
        "actual_atk_perc": 28.565179352580927
    }
}