{
    "5": {
        "0": 673,
        "3": 12,
        "2": 59,
        "1": 253,
        "4": 3,
        "actual_atk_perc": 5.343024738587095
    },
    "10": {
        "3": 37,
        "0": 505,
        "1": 301,
        "4": 10,
        "2": 143,
        "5": 4,
        "actual_atk_perc": 9.66590155572558
    },
    "15": {
        "0": 367,
        "1": 325,
        "4": 25,
        "2": 165,
        "6": 9,
        "3": 95,
        "5": 10,
        "7": 3,
        "8": 1,
        "actual_atk_perc": 14.957918898240244
    },
    "20": {
        "4": 56,
        "0": 261,
        "3": 108,
        "2": 203,
        "1": 316,
        "6": 14,
        "8": 3,
        "7": 5,
        "5": 32,
        "10": 1,
        "9": 1,
        "actual_atk_perc": 20.30094363682734
    },
    "30": {
        "5": 70,
        "2": 210,
        "3": 127,
        "4": 97,
        "0": 143,
        "7": 28,
        "1": 274,
        "6": 36,
        "9": 1,
        "8": 9,
        "10": 4,
        "13": 1,
        "actual_atk_perc": 30.081611833715886
    }
}