{
    "10": {
        "3": 36,
        "0": 509,
        "1": 304,
        "2": 120,
        "4": 25,
        "5": 5,
        "8": 1,
        "actual_atk_perc": 10.010201479214487
    },
    "20": {
        "1": 321,
        "3": 137,
        "0": 255,
        "2": 183,
        "6": 12,
        "8": 3,
        "4": 50,
        "7": 7,
        "5": 28,
        "13": 1,
        "9": 2,
        "10": 1,
        "actual_atk_perc": 20.709002805406783
    },
    "30": {
        "4": 69,
        "2": 228,
        "0": 163,
        "5": 65,
        "7": 27,
        "3": 143,
        "1": 253,
        "6": 33,
        "10": 4,
        "8": 7,
        "9": 7,
        "11": 1,
        "actual_atk_perc": 29.27824534557511
    }
}