{
    "10": {
        "2": 262,
        "4": 56,
        "3": 149,
        "1": 282,
        "0": 160,
        "5": 26,
        "6": 7,
        "8": 1,
        "7": 1,
        "actual_atk_perc": 9.447567137909498
    },
    "20": {
        "4": 216,
        "7": 33,
        "2": 165,
        "6": 69,
        "5": 134,
        "0": 17,
        "3": 190,
        "9": 5,
        "1": 94,
        "11": 1,
        "8": 19,
        "10": 1,
        "actual_atk_perc": 19.252824618179755
    },
    "30": {
        "1": 18,
        "8": 64,
        "5": 160,
        "3": 114,
        "7": 119,
        "2": 53,
        "6": 183,
        "11": 13,
        "4": 133,
        "9": 55,
        "10": 27,
        "0": 2,
        "13": 1,
        "12": 2,
        "actual_atk_perc": 29.44416056322035
    }
}