{
    "5": {
        "0": 300,
        "3": 86,
        "6": 8,
        "1": 256,
        "2": 137,
        "4": 37,
        "5": 17,
        "10": 1,
        "9": 3,
        "7": 1,
        "actual_atk_perc": 4.970525187566988
    },
    "10": {
        "1": 191,
        "10": 7,
        "0": 147,
        "2": 144,
        "3": 131,
        "7": 34,
        "4": 78,
        "5": 51,
        "15": 1,
        "6": 34,
        "9": 11,
        "8": 13,
        "11": 4,
        "actual_atk_perc": 9.882993926402287
    },
    "15": {
        "2": 127,
        "9": 30,
        "3": 113,
        "1": 145,
        "7": 36,
        "4": 74,
        "10": 18,
        "5": 85,
        "0": 81,
        "13": 11,
        "15": 5,
        "6": 56,
        "8": 40,
        "14": 3,
        "11": 9,
        "18": 2,
        "12": 7,
        "16": 4,
        "actual_atk_perc": 15.005359056806004
    },
    "20": {
        "4": 103,
        "11": 24,
        "6": 58,
        "3": 107,
        "5": 60,
        "0": 26,
        "13": 11,
        "9": 48,
        "2": 128,
        "1": 94,
        "25": 1,
        "7": 68,
        "17": 5,
        "12": 17,
        "15": 11,
        "8": 33,
        "22": 2,
        "18": 5,
        "10": 25,
        "14": 13,
        "16": 3,
        "24": 1,
        "20": 2,
        "26": 1,
        "actual_atk_perc": 20.065201857806358
    },
    "30": {
        "5": 67,
        "21": 9,
        "4": 91,
        "18": 9,
        "9": 38,
        "19": 14,
        "3": 80,
        "13": 29,
        "11": 30,
        "1": 41,
        "8": 44,
        "0": 15,
        "2": 80,
        "20": 8,
        "25": 2,
        "6": 61,
        "26": 4,
        "12": 33,
        "7": 52,
        "14": 22,
        "10": 53,
        "16": 16,
        "15": 16,
        "30": 1,
        "17": 14,
        "22": 5,
        "27": 1,
        "24": 4,
        "23": 2,
        "32": 1,
        "29": 1,
        "28": 2,
        "39": 1,
        "actual_atk_perc": 29.631118256520182
    }
}