{
    "5": {
        "1": 104,
        "0": 894,
        "2": 2,
        "actual_atk_perc": 4.227005870841487
    },
    "10": {
        "0": 767,
        "2": 13,
        "1": 220,
        "actual_atk_perc": 9.628180039138943
    },
    "15": {
        "0": 645,
        "1": 304,
        "2": 48,
        "3": 2,
        "4": 1,
        "actual_atk_perc": 16.046966731898237
    },
    "20": {
        "0": 557,
        "2": 78,
        "1": 353,
        "3": 12,
        "actual_atk_perc": 21.330724070450096
    },
    "30": {
        "1": 410,
        "2": 138,
        "0": 433,
        "3": 18,
        "4": 1,
        "actual_atk_perc": 29.119373776908024
    }
}