{
    "10": {
        "0": 191,
        "1": 289,
        "2": 207,
        "4": 85,
        "3": 129,
        "6": 26,
        "5": 44,
        "9": 4,
        "8": 6,
        "7": 15,
        "11": 1,
        "15": 1,
        "10": 2,
        "actual_atk_perc": 9.82430806257521
    },
    "20": {
        "1": 140,
        "10": 15,
        "9": 23,
        "5": 100,
        "0": 68,
        "3": 156,
        "6": 78,
        "2": 140,
        "4": 139,
        "12": 6,
        "7": 65,
        "8": 40,
        "15": 4,
        "13": 8,
        "22": 1,
        "14": 2,
        "19": 2,
        "11": 7,
        "20": 2,
        "29": 1,
        "31": 1,
        "16": 1,
        "18": 1,
        "actual_atk_perc": 19.634175691937426
    },
    "30": {
        "5": 90,
        "7": 79,
        "4": 99,
        "2": 101,
        "8": 77,
        "10": 48,
        "3": 135,
        "9": 47,
        "6": 101,
        "17": 6,
        "1": 63,
        "25": 1,
        "13": 20,
        "0": 19,
        "11": 35,
        "12": 24,
        "19": 3,
        "16": 10,
        "14": 13,
        "18": 6,
        "15": 12,
        "28": 1,
        "27": 1,
        "22": 2,
        "43": 1,
        "45": 1,
        "30": 1,
        "20": 2,
        "23": 1,
        "24": 1,
        "actual_atk_perc": 30.060168471720814
    }
}