noise_level,total_problems,correct_predictions,accuracy,avg_execution_time
0,4846,3088,63.72265786215435,0.06200604241001571
10,4846,2857,58.95583986793231,0.062235610720248344
20,4846,2574,53.115971935617004,0.0613177197067097
30,4846,2285,47.152290548906315,0.062162627870762
