noise_level,total_problems,correct_predictions,accuracy,avg_execution_time
0,4944,4043,81.77588996763754,0.06703505339553055
10,4944,3886,78.60032362459548,0.06621646403687671
20,4944,3711,75.06067961165049,0.06625986552547097
30,4944,3536,71.52103559870551,0.06830255981402104
