noise_level,total_problems,correct_predictions,accuracy,avg_execution_time
0,4908,3677,74.91850040749797,0.07310267828690296
10,4908,3415,69.5802770986145,0.07182865295355749
20,4908,3105,63.2640586797066,0.07245564698784353
30,4908,2879,58.659331703341486,0.07099021204915004
