noise_level,total_problems,correct_predictions,accuracy,avg_execution_time
0,4944,3406,68.8915857605178,0.07657390066142221
10,4944,3189,64.50242718446601,0.07762248317400615
20,4944,2942,59.50647249190939,0.08424387491250887
30,4944,2662,53.84304207119741,0.08426872146553978
