noise_level,total_problems,correct_predictions,accuracy,avg_execution_time
0,4944,3581,72.43122977346277,0.08987563067269556
10,4944,3340,67.55663430420712,0.0904145301545708
20,4944,3123,63.167475728155345,0.08969824334371437
30,4944,2888,58.41423948220065,0.09181987342325229
