noise_level,total_problems,correct_predictions,accuracy,avg_execution_time
0,4944,3973,80.36003236245955,0.07351681643126466
10,4944,3808,77.02265372168284,0.07472808282930875
20,4944,3605,72.91666666666666,0.07836695497668676
30,4944,3343,67.61731391585761,0.10827138745090337
