{
    "5": {
        "1": 297,
        "0": 625,
        "3": 11,
        "2": 66,
        "4": 1,
        "actual_atk_perc": 4.894957983193278
    },
    "10": {
        "1": 387,
        "2": 177,
        "0": 364,
        "3": 65,
        "4": 7,
        "actual_atk_perc": 10.126050420168067
    },
    "15": {
        "0": 196,
        "1": 369,
        "2": 274,
        "3": 107,
        "4": 38,
        "5": 13,
        "6": 2,
        "7": 1,
        "actual_atk_perc": 15.483193277310924
    },
    "20": {
        "3": 196,
        "1": 303,
        "5": 21,
        "2": 265,
        "4": 85,
        "0": 127,
        "6": 1,
        "7": 1,
        "8": 1,
        "actual_atk_perc": 19.82142857142857
    },
    "30": {
        "3": 257,
        "2": 244,
        "5": 90,
        "1": 140,
        "4": 189,
        "0": 34,
        "6": 32,
        "10": 1,
        "7": 10,
        "8": 3,
        "actual_atk_perc": 30.472689075630257
    }
}