{
    "10": {
        "1": 362,
        "2": 183,
        "0": 388,
        "3": 55,
        "4": 11,
        "5": 1,
        "actual_atk_perc": 9.894957983193278
    },
    "20": {
        "0": 122,
        "4": 84,
        "1": 278,
        "3": 178,
        "2": 309,
        "6": 6,
        "5": 21,
        "7": 2,
        "actual_atk_perc": 20.17857142857143
    },
    "30": {
        "2": 233,
        "3": 260,
        "6": 32,
        "4": 170,
        "5": 91,
        "8": 2,
        "1": 158,
        "7": 15,
        "0": 39,
        "actual_atk_perc": 29.95798319327731
    }
}