{
    "10": {
        "0": 246,
        "1": 345,
        "2": 201,
        "3": 112,
        "4": 50,
        "5": 32,
        "6": 9,
        "7": 4,
        "9": 1,
        "actual_atk_perc": 10.008481764206955
    },
    "20": {
        "1": 180,
        "0": 81,
        "3": 168,
        "5": 86,
        "2": 230,
        "10": 5,
        "4": 126,
        "6": 68,
        "8": 17,
        "9": 7,
        "7": 28,
        "12": 1,
        "11": 3,
        "actual_atk_perc": 19.41671559992171
    },
    "30": {
        "5": 130,
        "2": 141,
        "3": 156,
        "11": 15,
        "4": 154,
        "7": 84,
        "13": 6,
        "1": 68,
        "6": 103,
        "9": 24,
        "8": 55,
        "0": 25,
        "10": 20,
        "14": 3,
        "15": 3,
        "12": 12,
        "16": 1,
        "actual_atk_perc": 30.247276048802767
    }
}