noise_level,total_problems,correct_predictions,accuracy,avg_execution_time
0,4944,4043,81.77588996763754,0.06613292615004727
10,4925,3858,78.33502538071066,0.06434197270930721
20,4922,3676,74.68508736286063,0.06601823563015785
30,4923,3471,70.50578915295551,0.06552901351304163
