{
    "10": {
        "5": 16,
        "0": 372,
        "2": 170,
        "3": 84,
        "1": 295,
        "4": 38,
        "6": 17,
        "7": 4,
        "9": 1,
        "8": 3,
        "actual_atk_perc": 10.327050104720477
    },
    "20": {
        "6": 43,
        "0": 184,
        "3": 125,
        "5": 71,
        "7": 29,
        "1": 244,
        "2": 183,
        "4": 87,
        "12": 1,
        "8": 14,
        "10": 8,
        "9": 7,
        "11": 1,
        "13": 1,
        "16": 2,
        "actual_atk_perc": 19.913001449975834
    },
    "30": {
        "14": 2,
        "1": 191,
        "4": 80,
        "7": 58,
        "0": 80,
        "5": 84,
        "2": 187,
        "9": 20,
        "6": 73,
        "3": 132,
        "11": 21,
        "10": 20,
        "8": 29,
        "15": 3,
        "12": 8,
        "13": 7,
        "22": 1,
        "16": 2,
        "17": 2,
        "actual_atk_perc": 30.0950539713227
    }
}