{
    "5": {
        "1": 137,
        "0": 857,
        "2": 6,
        "actual_atk_perc": 4.461077844311377
    },
    "10": {
        "0": 710,
        "1": 256,
        "2": 28,
        "3": 6,
        "actual_atk_perc": 9.880239520958083
    },
    "15": {
        "0": 586,
        "2": 81,
        "1": 320,
        "3": 9,
        "4": 4,
        "actual_atk_perc": 15.718562874251496
    },
    "20": {
        "0": 536,
        "1": 320,
        "2": 112,
        "3": 25,
        "4": 5,
        "5": 2,
        "actual_atk_perc": 19.431137724550897
    },
    "30": {
        "2": 188,
        "0": 353,
        "1": 392,
        "3": 50,
        "4": 12,
        "5": 3,
        "6": 1,
        "10": 1,
        "actual_atk_perc": 29.850299401197606
    }
}