{
    "10": {
        "0": 716,
        "1": 250,
        "2": 29,
        "3": 5,
        "actual_atk_perc": 9.67065868263473
    },
    "20": {
        "0": 498,
        "1": 391,
        "2": 80,
        "3": 20,
        "4": 9,
        "5": 2,
        "actual_atk_perc": 19.67065868263473
    },
    "30": {
        "2": 175,
        "1": 389,
        "0": 362,
        "3": 48,
        "4": 20,
        "7": 1,
        "5": 2,
        "6": 1,
        "8": 2,
        "actual_atk_perc": 30.0
    }
}