{
    "5": {
        "0": 507,
        "1": 314,
        "3": 39,
        "2": 128,
        "4": 12,
        "actual_atk_perc": 4.806749068079262
    },
    "10": {
        "1": 308,
        "0": 265,
        "2": 208,
        "3": 123,
        "4": 62,
        "5": 27,
        "6": 2,
        "7": 3,
        "8": 2,
        "actual_atk_perc": 9.973186841933163
    },
    "15": {
        "2": 217,
        "1": 244,
        "6": 37,
        "0": 151,
        "7": 18,
        "4": 102,
        "3": 172,
        "5": 54,
        "9": 1,
        "8": 4,
        "actual_atk_perc": 14.786475704662875
    },
    "20": {
        "1": 189,
        "3": 187,
        "9": 12,
        "5": 88,
        "2": 193,
        "0": 79,
        "4": 126,
        "6": 63,
        "8": 16,
        "7": 34,
        "10": 10,
        "11": 2,
        "12": 1,
        "actual_atk_perc": 20.051010398273494
    },
    "30": {
        "3": 140,
        "1": 99,
        "2": 133,
        "11": 15,
        "6": 97,
        "10": 30,
        "0": 30,
        "8": 60,
        "4": 135,
        "7": 82,
        "5": 123,
        "9": 41,
        "13": 3,
        "14": 2,
        "12": 9,
        "15": 1,
        "actual_atk_perc": 30.083055392060686
    }
}