{
    "10": {
        "1": 317,
        "0": 248,
        "5": 17,
        "2": 226,
        "3": 128,
        "4": 55,
        "8": 2,
        "6": 5,
        "7": 2,
        "actual_atk_perc": 9.927408279380028
    },
    "20": {
        "4": 151,
        "1": 158,
        "2": 215,
        "5": 80,
        "8": 20,
        "0": 87,
        "3": 173,
        "6": 66,
        "9": 9,
        "7": 33,
        "10": 4,
        "12": 1,
        "11": 2,
        "13": 1,
        "actual_atk_perc": 20.051010398273494
    },
    "30": {
        "7": 80,
        "1": 78,
        "3": 152,
        "6": 88,
        "5": 143,
        "2": 122,
        "4": 148,
        "9": 25,
        "8": 65,
        "0": 37,
        "11": 25,
        "10": 19,
        "14": 5,
        "12": 9,
        "13": 3,
        "15": 1,
        "actual_atk_perc": 30.18115231181741
    }
}