{
    "10": {
        "0": 507,
        "1": 343,
        "2": 112,
        "3": 32,
        "4": 6,
        "actual_atk_perc": 10.060038072924293
    },
    "20": {
        "2": 207,
        "0": 280,
        "4": 43,
        "1": 354,
        "3": 100,
        "5": 14,
        "7": 1,
        "6": 1,
        "actual_atk_perc": 19.37326109240006
    },
    "30": {
        "1": 293,
        "3": 152,
        "2": 264,
        "0": 140,
        "7": 4,
        "5": 31,
        "4": 93,
        "6": 21,
        "8": 1,
        "9": 1,
        "actual_atk_perc": 28.920779030604777
    }
}