{
    "5": {
        "0": 705,
        "1": 234,
        "2": 55,
        "4": 1,
        "3": 5,
        "actual_atk_perc": 5.315565968663054
    },
    "10": {
        "0": 495,
        "1": 348,
        "2": 112,
        "3": 36,
        "4": 8,
        "5": 1,
        "actual_atk_perc": 10.499341045541074
    },
    "15": {
        "0": 405,
        "1": 335,
        "4": 14,
        "2": 176,
        "3": 64,
        "6": 3,
        "5": 3,
        "actual_atk_perc": 14.17484258310148
    },
    "20": {
        "0": 273,
        "2": 201,
        "1": 355,
        "4": 42,
        "3": 106,
        "5": 16,
        "7": 1,
        "6": 5,
        "8": 1,
        "actual_atk_perc": 20.03221555132523
    },
    "30": {
        "3": 187,
        "0": 143,
        "1": 245,
        "4": 106,
        "6": 26,
        "5": 45,
        "2": 242,
        "7": 2,
        "8": 3,
        "10": 1,
        "actual_atk_perc": 31.38087567725875
    }
}