{
    "10": {
        "0": 512,
        "1": 342,
        "2": 105,
        "3": 29,
        "4": 9,
        "6": 1,
        "5": 2,
        "actual_atk_perc": 10.137910798122066
    },
    "20": {
        "1": 352,
        "3": 112,
        "2": 215,
        "0": 250,
        "4": 46,
        "5": 19,
        "6": 5,
        "7": 1,
        "actual_atk_perc": 21.038732394366196
    },
    "30": {
        "1": 279,
        "0": 147,
        "2": 254,
        "3": 171,
        "4": 93,
        "6": 17,
        "5": 30,
        "7": 6,
        "10": 1,
        "8": 2,
        "actual_atk_perc": 29.225352112676056
    }
}