{
    "10": {
        "1": 234,
        "0": 742,
        "2": 23,
        "3": 1,
        "actual_atk_perc": 9.908963585434174
    },
    "20": {
        "1": 329,
        "0": 553,
        "2": 100,
        "3": 18,
        "actual_atk_perc": 20.413165266106443
    },
    "30": {
        "0": 436,
        "2": 128,
        "1": 366,
        "3": 54,
        "4": 13,
        "5": 2,
        "6": 1,
        "actual_atk_perc": 29.831932773109244
    }
}