{
    "5": {
        "1": 107,
        "0": 884,
        "2": 9,
        "actual_atk_perc": 4.376750700280112
    },
    "10": {
        "0": 752,
        "1": 216,
        "2": 32,
        "actual_atk_perc": 9.803921568627452
    },
    "15": {
        "1": 277,
        "0": 649,
        "2": 61,
        "3": 12,
        "4": 1,
        "actual_atk_perc": 15.371148459383754
    },
    "20": {
        "1": 316,
        "0": 589,
        "2": 71,
        "4": 4,
        "3": 20,
        "actual_atk_perc": 18.69747899159664
    },
    "30": {
        "1": 338,
        "3": 40,
        "0": 446,
        "2": 159,
        "4": 12,
        "5": 5,
        "actual_atk_perc": 29.72689075630252
    }
}