{
    "5": {
        "0": 719,
        "2": 31,
        "1": 249,
        "3": 1,
        "actual_atk_perc": 5.22723489262527
    },
    "10": {
        "0": 507,
        "2": 102,
        "1": 362,
        "3": 24,
        "4": 5,
        "actual_atk_perc": 10.953887131679707
    },
    "15": {
        "1": 375,
        "2": 188,
        "0": 388,
        "3": 45,
        "4": 4,
        "actual_atk_perc": 15.015814882636924
    },
    "20": {
        "4": 20,
        "1": 355,
        "0": 302,
        "2": 235,
        "3": 87,
        "5": 1,
        "actual_atk_perc": 19.493923755618443
    },
    "30": {
        "3": 156,
        "1": 298,
        "2": 320,
        "0": 138,
        "4": 67,
        "5": 19,
        "6": 2,
        "actual_atk_perc": 29.648743133011486
    }
}