{
    "10": {
        "2": 150,
        "1": 311,
        "0": 460,
        "3": 51,
        "4": 18,
        "5": 6,
        "7": 1,
        "6": 3,
        "actual_atk_perc": 9.747292418772563
    },
    "20": {
        "6": 9,
        "3": 137,
        "1": 288,
        "2": 238,
        "0": 219,
        "5": 32,
        "4": 64,
        "7": 5,
        "9": 1,
        "12": 1,
        "8": 4,
        "10": 1,
        "18": 1,
        "actual_atk_perc": 19.26485067279291
    },
    "30": {
        "6": 43,
        "7": 18,
        "1": 236,
        "4": 120,
        "3": 178,
        "2": 208,
        "0": 95,
        "9": 10,
        "11": 2,
        "5": 72,
        "8": 12,
        "13": 2,
        "15": 1,
        "19": 2,
        "10": 1,
        "actual_atk_perc": 29.613827808773657
    }
}