{
    "5": {
        "0": 313,
        "1": 260,
        "2": 186,
        "5": 18,
        "4": 52,
        "3": 96,
        "6": 12,
        "7": 4,
        "14": 1,
        "8": 2,
        "actual_atk_perc": 4.899858238522773
    },
    "10": {
        "0": 114,
        "1": 181,
        "4": 108,
        "2": 190,
        "5": 86,
        "3": 149,
        "9": 12,
        "8": 14,
        "6": 44,
        "7": 25,
        "15": 2,
        "10": 7,
        "13": 2,
        "11": 3,
        "24": 1,
        "12": 2,
        "16": 3,
        "26": 1,
        "actual_atk_perc": 10.214096179709935
    },
    "15": {
        "1": 129,
        "4": 115,
        "2": 136,
        "7": 62,
        "3": 143,
        "11": 12,
        "6": 73,
        "0": 56,
        "9": 23,
        "5": 95,
        "10": 20,
        "8": 48,
        "13": 9,
        "17": 6,
        "24": 1,
        "12": 6,
        "15": 3,
        "27": 1,
        "16": 1,
        "22": 1,
        "14": 2,
        "28": 1,
        "20": 1,
        "actual_atk_perc": 14.761368180000728
    },
    "20": {
        "4": 99,
        "5": 96,
        "6": 90,
        "7": 85,
        "1": 82,
        "11": 20,
        "15": 8,
        "8": 53,
        "2": 105,
        "14": 9,
        "10": 34,
        "9": 51,
        "3": 119,
        "17": 3,
        "16": 5,
        "0": 31,
        "19": 3,
        "12": 15,
        "13": 17,
        "27": 1,
        "20": 3,
        "18": 5,
        "26": 1,
        "25": 2,
        "51": 1,
        "21": 1,
        "24": 1,
        "22": 1,
        "23": 1,
        "44": 1,
        "29": 1,
        "actual_atk_perc": 19.646686779833523
    },
    "30": {
        "4": 67,
        "9": 58,
        "2": 63,
        "1": 35,
        "21": 6,
        "17": 24,
        "6": 66,
        "7": 66,
        "15": 21,
        "18": 17,
        "11": 56,
        "20": 7,
        "10": 54,
        "3": 85,
        "5": 93,
        "16": 22,
        "23": 6,
        "0": 7,
        "28": 2,
        "13": 39,
        "8": 58,
        "14": 20,
        "22": 3,
        "12": 41,
        "40": 1,
        "25": 3,
        "30": 1,
        "29": 1,
        "19": 5,
        "27": 3,
        "24": 3,
        "33": 1,
        "32": 2,
        "82": 1,
        "26": 1,
        "41": 1,
        "35": 1,
        "38": 1,
        "65": 1,
        "37": 1,
        "48": 1,
        "actual_atk_perc": 29.900766965940896
    }
}