{
    "10": {
        "1": 177,
        "5": 71,
        "2": 187,
        "0": 111,
        "3": 156,
        "4": 104,
        "7": 34,
        "12": 5,
        "6": 47,
        "9": 14,
        "11": 4,
        "13": 1,
        "8": 17,
        "10": 12,
        "16": 2,
        "14": 1,
        "23": 1,
        "actual_atk_perc": 10.46127003743957
    },
    "20": {
        "2": 108,
        "6": 91,
        "1": 78,
        "8": 50,
        "16": 9,
        "7": 77,
        "3": 109,
        "9": 46,
        "14": 9,
        "11": 24,
        "5": 98,
        "4": 102,
        "10": 44,
        "15": 9,
        "19": 3,
        "12": 21,
        "17": 4,
        "21": 3,
        "0": 30,
        "13": 16,
        "20": 2,
        "25": 3,
        "54": 1,
        "23": 1,
        "24": 2,
        "22": 2,
        "18": 1,
        "36": 1,
        "actual_atk_perc": 20.03925702446294
    },
    "30": {
        "5": 80,
        "9": 68,
        "11": 58,
        "3": 68,
        "15": 18,
        "30": 5,
        "12": 47,
        "8": 73,
        "6": 59,
        "2": 55,
        "20": 5,
        "14": 27,
        "4": 76,
        "10": 55,
        "24": 7,
        "7": 65,
        "17": 11,
        "13": 38,
        "19": 10,
        "1": 37,
        "16": 19,
        "18": 14,
        "0": 11,
        "22": 9,
        "21": 7,
        "27": 2,
        "28": 3,
        "23": 4,
        "25": 3,
        "31": 1,
        "68": 1,
        "26": 2,
        "38": 2,
        "52": 1,
        "40": 1,
        "51": 1,
        "35": 1,
        "actual_atk_perc": 30.38784486205518
    }
}