{
    "10": {
        "2": 204,
        "0": 353,
        "1": 349,
        "4": 21,
        "3": 61,
        "5": 3,
        "6": 6,
        "7": 3,
        "actual_atk_perc": 10.079087732205261
    },
    "20": {
        "2": 241,
        "3": 184,
        "1": 261,
        "6": 23,
        "4": 84,
        "0": 134,
        "7": 12,
        "5": 47,
        "10": 2,
        "8": 8,
        "9": 4,
        "actual_atk_perc": 20.305315431304027
    },
    "30": {
        "5": 99,
        "1": 145,
        "7": 42,
        "2": 180,
        "6": 65,
        "4": 153,
        "0": 68,
        "3": 203,
        "10": 6,
        "12": 1,
        "9": 7,
        "8": 27,
        "11": 2,
        "13": 1,
        "14": 1,
        "actual_atk_perc": 30.39359941144013
    }
}