{
    "5": {
        "1": 333,
        "3": 67,
        "0": 347,
        "2": 165,
        "5": 7,
        "4": 20,
        "6": 3,
        "7": 2,
        "actual_atk_perc": 5.047176875842444
    },
    "10": {
        "1": 252,
        "6": 25,
        "0": 143,
        "3": 140,
        "5": 59,
        "2": 221,
        "4": 82,
        "7": 9,
        "9": 6,
        "8": 6,
        "10": 1,
        "actual_atk_perc": 10.294044231441266
    },
    "15": {
        "3": 169,
        "6": 73,
        "7": 35,
        "4": 124,
        "2": 189,
        "1": 148,
        "0": 84,
        "5": 87,
        "9": 6,
        "8": 19,
        "11": 2,
        "14": 2,
        "10": 5,
        "12": 1,
        "actual_atk_perc": 14.802056811941492
    },
    "20": {
        "8": 53,
        "10": 11,
        "2": 125,
        "5": 101,
        "4": 141,
        "7": 74,
        "9": 35,
        "1": 98,
        "6": 85,
        "0": 36,
        "3": 163,
        "14": 4,
        "11": 8,
        "13": 4,
        "19": 1,
        "12": 4,
        "17": 1,
        "actual_atk_perc": 20.283560481254057
    },
    "30": {
        "3": 92,
        "8": 75,
        "9": 63,
        "7": 96,
        "11": 29,
        "5": 115,
        "4": 122,
        "2": 77,
        "12": 30,
        "10": 37,
        "6": 103,
        "15": 8,
        "14": 19,
        "13": 15,
        "1": 32,
        "17": 3,
        "0": 12,
        "18": 2,
        "16": 8,
        "19": 4,
        "27": 1,
        "22": 1,
        "actual_atk_perc": 29.713943387748987
    }
}