{
    "5": {
        "1": 317,
        "0": 403,
        "5": 9,
        "2": 171,
        "4": 26,
        "3": 67,
        "6": 3,
        "11": 1,
        "10": 1,
        "7": 2,
        "actual_atk_perc": 5.111913357400722
    },
    "10": {
        "1": 249,
        "2": 213,
        "5": 48,
        "0": 206,
        "3": 149,
        "12": 3,
        "6": 27,
        "4": 84,
        "11": 3,
        "9": 2,
        "8": 9,
        "7": 3,
        "17": 1,
        "13": 3,
        "actual_atk_perc": 10.089049338146811
    },
    "15": {
        "2": 193,
        "3": 155,
        "4": 110,
        "5": 91,
        "1": 184,
        "6": 58,
        "10": 7,
        "0": 109,
        "16": 2,
        "9": 15,
        "7": 37,
        "8": 24,
        "12": 3,
        "13": 3,
        "11": 4,
        "14": 2,
        "28": 1,
        "20": 1,
        "19": 1,
        "actual_atk_perc": 15.306859205776174
    },
    "20": {
        "0": 56,
        "5": 120,
        "8": 41,
        "4": 119,
        "1": 127,
        "7": 55,
        "10": 19,
        "3": 161,
        "6": 83,
        "2": 154,
        "13": 8,
        "15": 4,
        "9": 26,
        "11": 7,
        "19": 3,
        "12": 6,
        "18": 3,
        "14": 3,
        "16": 1,
        "24": 2,
        "20": 1,
        "17": 1,
        "actual_atk_perc": 20.197352587244282
    },
    "30": {
        "3": 118,
        "7": 85,
        "12": 26,
        "8": 98,
        "4": 114,
        "1": 71,
        "9": 46,
        "2": 108,
        "20": 6,
        "13": 22,
        "24": 3,
        "5": 90,
        "6": 84,
        "16": 3,
        "0": 21,
        "17": 9,
        "15": 8,
        "14": 14,
        "10": 34,
        "19": 2,
        "11": 22,
        "23": 1,
        "36": 1,
        "22": 2,
        "18": 7,
        "37": 1,
        "50": 1,
        "25": 1,
        "28": 1,
        "32": 1,
        "actual_atk_perc": 29.70878459687124
    }
}