noise_level,total_problems,correct_predictions,accuracy,avg_execution_time
0,4846,3087,63.70202228642179,0.06431487233393753
5,4846,2950,60.87494841106067,0.06363098541665953
10,4846,2852,58.85266198926951,0.06147284912167627
15,4846,2724,56.21130829550145,0.06304790370483021
20,4846,2571,53.05406520841931,0.06234510206654698
30,4846,2318,47.83326454808089,0.06181400003287598
