noise_level,total_problems,correct_predictions,accuracy,avg_execution_time
0,4944,4043,81.77588996763754,0.0658186867977809
5,4944,3961,80.11731391585761,0.06499153684258076
10,4944,3875,78.37783171521036,0.06386062015800414
15,4944,3805,76.96197411003236,0.06582460275167015
20,4944,3718,75.20226537216828,0.0647321526672462
30,4944,3510,70.99514563106796,0.07190578061978793
