noise_level,total_problems,correct_predictions,accuracy,avg_execution_time
0,4944,3973,80.36003236245955,0.07821970001393537
5,4944,3891,78.7014563106796,0.07817764903349397
10,4944,3810,77.06310679611651,0.07833217436441711
15,4944,3681,74.45388349514563,0.07936460281267135
20,4944,3607,72.95711974110033,0.1914668781954108
30,4944,3365,68.06229773462783,0.10138312498149749
