{
    "10": {
        "1": 295,
        "3": 121,
        "0": 261,
        "2": 176,
        "7": 10,
        "6": 19,
        "4": 68,
        "5": 32,
        "8": 10,
        "10": 2,
        "9": 4,
        "11": 2,
        "actual_atk_perc": 10.037132890739283
    },
    "20": {
        "0": 100,
        "5": 75,
        "4": 105,
        "2": 181,
        "6": 61,
        "7": 47,
        "3": 149,
        "10": 20,
        "8": 35,
        "11": 13,
        "1": 170,
        "9": 25,
        "14": 6,
        "13": 7,
        "12": 4,
        "15": 1,
        "16": 1,
        "actual_atk_perc": 20.091144368178238
    },
    "30": {
        "2": 162,
        "13": 20,
        "3": 147,
        "10": 42,
        "1": 94,
        "7": 50,
        "9": 47,
        "8": 59,
        "11": 30,
        "4": 102,
        "0": 41,
        "16": 10,
        "5": 67,
        "15": 12,
        "6": 66,
        "12": 24,
        "14": 10,
        "19": 2,
        "17": 6,
        "18": 3,
        "23": 3,
        "22": 1,
        "29": 1,
        "21": 1,
        "actual_atk_perc": 30.133903454484077
    }
}