{
    "5": {
        "0": 459,
        "2": 145,
        "1": 317,
        "4": 19,
        "3": 46,
        "5": 13,
        "7": 1,
        "actual_atk_perc": 5.0241926409361986
    },
    "10": {
        "0": 263,
        "2": 186,
        "1": 283,
        "3": 124,
        "4": 57,
        "6": 21,
        "5": 47,
        "9": 4,
        "7": 11,
        "11": 1,
        "12": 1,
        "8": 1,
        "10": 1,
        "actual_atk_perc": 9.958366152807471
    },
    "15": {
        "0": 185,
        "4": 102,
        "2": 193,
        "1": 199,
        "3": 126,
        "5": 69,
        "7": 37,
        "10": 13,
        "9": 12,
        "6": 41,
        "8": 18,
        "11": 3,
        "12": 1,
        "13": 1,
        "actual_atk_perc": 14.971306402610555
    },
    "20": {
        "1": 177,
        "6": 52,
        "3": 148,
        "2": 172,
        "8": 40,
        "9": 23,
        "4": 106,
        "5": 63,
        "0": 106,
        "14": 4,
        "7": 58,
        "12": 11,
        "15": 3,
        "10": 19,
        "13": 5,
        "11": 7,
        "16": 3,
        "18": 2,
        "17": 1,
        "actual_atk_perc": 20.338696973106785
    },
    "30": {
        "2": 151,
        "8": 58,
        "6": 58,
        "4": 110,
        "0": 44,
        "3": 146,
        "11": 23,
        "13": 20,
        "1": 96,
        "16": 13,
        "14": 14,
        "10": 37,
        "7": 58,
        "9": 40,
        "5": 73,
        "12": 25,
        "18": 6,
        "15": 12,
        "17": 4,
        "28": 1,
        "19": 3,
        "20": 2,
        "24": 1,
        "22": 2,
        "21": 2,
        "33": 1,
        "actual_atk_perc": 30.55024192640936
    }
}