{
    "10": {
        "1": 177,
        "7": 19,
        "0": 146,
        "2": 162,
        "3": 107,
        "6": 35,
        "11": 6,
        "17": 1,
        "9": 10,
        "4": 91,
        "5": 65,
        "10": 7,
        "12": 2,
        "8": 16,
        "13": 1,
        "14": 1,
        "actual_atk_perc": 10.1643444087174
    },
    "20": {
        "4": 83,
        "15": 8,
        "2": 114,
        "7": 65,
        "6": 67,
        "16": 5,
        "9": 43,
        "3": 102,
        "10": 30,
        "13": 10,
        "1": 110,
        "11": 27,
        "25": 1,
        "8": 48,
        "5": 61,
        "14": 7,
        "0": 36,
        "18": 3,
        "24": 1,
        "12": 13,
        "17": 7,
        "27": 1,
        "19": 3,
        "20": 1,
        "actual_atk_perc": 19.721329046087888
    },
    "30": {
        "1": 49,
        "25": 2,
        "4": 86,
        "18": 16,
        "7": 45,
        "6": 54,
        "12": 35,
        "10": 46,
        "2": 65,
        "13": 19,
        "20": 7,
        "28": 1,
        "3": 95,
        "33": 1,
        "8": 45,
        "9": 37,
        "5": 79,
        "14": 27,
        "11": 38,
        "17": 12,
        "15": 25,
        "19": 10,
        "26": 3,
        "39": 1,
        "16": 13,
        "21": 8,
        "23": 4,
        "22": 6,
        "45": 1,
        "0": 10,
        "24": 4,
        "29": 2,
        "actual_atk_perc": 29.841014648088603
    }
}