{
    "5": {
        "0": 700,
        "2": 51,
        "1": 241,
        "3": 7,
        "4": 1,
        "actual_atk_perc": 5.39906103286385
    },
    "10": {
        "0": 510,
        "1": 322,
        "2": 140,
        "3": 23,
        "4": 5,
        "actual_atk_perc": 10.137910798122066
    },
    "15": {
        "0": 394,
        "1": 340,
        "2": 181,
        "3": 65,
        "4": 14,
        "5": 4,
        "6": 2,
        "actual_atk_perc": 14.451291079812206
    },
    "20": {
        "0": 253,
        "2": 228,
        "1": 355,
        "3": 107,
        "5": 14,
        "4": 38,
        "6": 3,
        "7": 1,
        "9": 1,
        "actual_atk_perc": 20.363849765258216
    },
    "30": {
        "2": 261,
        "3": 159,
        "1": 251,
        "6": 12,
        "0": 152,
        "4": 108,
        "5": 48,
        "7": 8,
        "11": 1,
        "actual_atk_perc": 30.23767605633803
    }
}