{
    "5": {
        "0": 536,
        "2": 94,
        "1": 331,
        "3": 33,
        "4": 5,
        "6": 1,
        "actual_atk_perc": 4.819277108433735
    },
    "10": {
        "1": 368,
        "2": 217,
        "0": 286,
        "3": 79,
        "4": 36,
        "5": 11,
        "6": 2,
        "7": 1,
        "actual_atk_perc": 9.406570380902492
    },
    "15": {
        "0": 169,
        "2": 243,
        "1": 271,
        "5": 34,
        "3": 168,
        "4": 96,
        "7": 8,
        "6": 8,
        "8": 3,
        "actual_atk_perc": 14.540148170321036
    },
    "20": {
        "2": 228,
        "3": 191,
        "0": 84,
        "5": 90,
        "6": 34,
        "4": 138,
        "7": 25,
        "1": 200,
        "9": 3,
        "8": 5,
        "10": 2,
        "actual_atk_perc": 20.18259372895308
    },
    "30": {
        "5": 151,
        "7": 61,
        "3": 183,
        "1": 76,
        "4": 180,
        "8": 35,
        "0": 26,
        "6": 88,
        "2": 161,
        "10": 7,
        "9": 22,
        "11": 8,
        "12": 2,
        "actual_atk_perc": 30.21028212227793
    }
}