{
    "10": {
        "1": 374,
        "0": 520,
        "3": 15,
        "2": 87,
        "4": 3,
        "5": 1,
        "actual_atk_perc": 10.154819377393041
    },
    "20": {
        "1": 395,
        "3": 96,
        "2": 223,
        "4": 21,
        "0": 264,
        "5": 1,
        "actual_atk_perc": 20.276344265024136
    },
    "30": {
        "3": 203,
        "2": 294,
        "1": 277,
        "4": 72,
        "0": 137,
        "5": 15,
        "6": 2,
        "actual_atk_perc": 30.780755784917595
    }
}