{
    "5": {
        "0": 597,
        "1": 310,
        "2": 81,
        "4": 2,
        "3": 10,
        "actual_atk_perc": 4.69008644473055
    },
    "10": {
        "2": 185,
        "1": 341,
        "0": 357,
        "3": 82,
        "4": 26,
        "5": 7,
        "6": 1,
        "7": 1,
        "actual_atk_perc": 10.198638955306235
    },
    "15": {
        "1": 339,
        "0": 237,
        "3": 119,
        "4": 58,
        "2": 212,
        "5": 22,
        "7": 5,
        "8": 2,
        "6": 6,
        "actual_atk_perc": 14.24498804487769
    },
    "20": {
        "0": 146,
        "1": 260,
        "5": 58,
        "4": 93,
        "3": 184,
        "2": 220,
        "6": 22,
        "7": 9,
        "11": 1,
        "8": 4,
        "9": 1,
        "10": 2,
        "actual_atk_perc": 20.057016737171235
    },
    "30": {
        "3": 204,
        "0": 56,
        "2": 197,
        "4": 150,
        "6": 65,
        "1": 153,
        "7": 37,
        "5": 98,
        "8": 21,
        "11": 3,
        "9": 8,
        "10": 8,
        "actual_atk_perc": 29.897002023174547
    }
}