{
    "10": {
        "1": 209,
        "2": 22,
        "0": 768,
        "3": 1,
        "actual_atk_perc": 10.0
    },
    "20": {
        "1": 333,
        "2": 77,
        "0": 583,
        "3": 6,
        "4": 1,
        "actual_atk_perc": 19.8828125
    },
    "30": {
        "0": 442,
        "1": 391,
        "2": 134,
        "3": 30,
        "4": 3,
        "actual_atk_perc": 29.726562499999996
    }
}