{
    "5": {
        "0": 625,
        "2": 73,
        "1": 277,
        "4": 3,
        "3": 22,
        "actual_atk_perc": 5.480800787659994
    },
    "10": {
        "3": 55,
        "4": 27,
        "1": 339,
        "0": 437,
        "2": 138,
        "5": 2,
        "8": 1,
        "9": 1,
        "actual_atk_perc": 10.009845749917952
    },
    "15": {
        "3": 86,
        "1": 315,
        "2": 191,
        "0": 335,
        "4": 43,
        "8": 1,
        "5": 16,
        "7": 4,
        "6": 7,
        "11": 1,
        "15": 1,
        "actual_atk_perc": 14.341975713816868
    },
    "20": {
        "2": 225,
        "4": 78,
        "3": 142,
        "0": 216,
        "1": 282,
        "5": 30,
        "8": 4,
        "6": 15,
        "7": 5,
        "18": 1,
        "15": 1,
        "12": 1,
        "actual_atk_perc": 19.932173722787443
    },
    "30": {
        "2": 209,
        "8": 13,
        "5": 65,
        "1": 223,
        "4": 124,
        "3": 175,
        "6": 27,
        "0": 108,
        "12": 2,
        "13": 3,
        "7": 33,
        "9": 4,
        "11": 3,
        "10": 8,
        "19": 1,
        "14": 1,
        "20": 1,
        "actual_atk_perc": 30.07329613827809
    }
}