{
    "5": {
        "1": 92,
        "0": 905,
        "2": 3,
        "actual_atk_perc": 4.260869565217392
    },
    "10": {
        "0": 793,
        "1": 193,
        "2": 14,
        "actual_atk_perc": 9.608695652173912
    },
    "15": {
        "0": 674,
        "1": 284,
        "2": 40,
        "3": 2,
        "actual_atk_perc": 16.08695652173913
    },
    "20": {
        "0": 560,
        "1": 357,
        "2": 80,
        "3": 3,
        "actual_atk_perc": 22.869565217391305
    },
    "30": {
        "1": 405,
        "0": 479,
        "2": 103,
        "3": 12,
        "4": 1,
        "actual_atk_perc": 28.304347826086957
    }
}