{
    "5": {
        "0": 511,
        "1": 308,
        "2": 134,
        "3": 39,
        "5": 2,
        "4": 6,
        "actual_atk_perc": 4.743263521889476
    },
    "10": {
        "1": 318,
        "0": 252,
        "2": 212,
        "6": 10,
        "4": 65,
        "3": 116,
        "5": 23,
        "7": 3,
        "8": 1,
        "actual_atk_perc": 10.138970444313957
    },
    "15": {
        "1": 235,
        "0": 130,
        "3": 187,
        "4": 105,
        "2": 232,
        "9": 5,
        "5": 58,
        "7": 14,
        "6": 23,
        "8": 7,
        "10": 3,
        "12": 1,
        "actual_atk_perc": 15.325895478567233
    },
    "20": {
        "4": 124,
        "1": 161,
        "2": 219,
        "0": 91,
        "3": 183,
        "7": 36,
        "5": 97,
        "6": 56,
        "8": 15,
        "9": 11,
        "12": 1,
        "10": 2,
        "11": 3,
        "13": 1,
        "actual_atk_perc": 19.66464409212501
    },
    "30": {
        "4": 143,
        "0": 21,
        "3": 144,
        "1": 96,
        "5": 120,
        "6": 98,
        "10": 22,
        "11": 17,
        "2": 144,
        "7": 77,
        "9": 44,
        "8": 52,
        "16": 4,
        "13": 8,
        "14": 2,
        "12": 7,
        "17": 1,
        "actual_atk_perc": 30.214653878776016
    }
}