{
    "10": {
        "0": 289,
        "3": 109,
        "1": 313,
        "2": 202,
        "4": 57,
        "5": 18,
        "6": 7,
        "7": 2,
        "14": 1,
        "15": 1,
        "10": 1,
        "actual_atk_perc": 9.858583124703973
    },
    "20": {
        "0": 101,
        "3": 166,
        "12": 4,
        "6": 45,
        "5": 72,
        "2": 204,
        "1": 207,
        "7": 29,
        "8": 17,
        "4": 130,
        "10": 7,
        "9": 8,
        "13": 4,
        "16": 1,
        "11": 3,
        "22": 1,
        "17": 1,
        "actual_atk_perc": 19.83896068746194
    },
    "30": {
        "0": 63,
        "6": 102,
        "13": 7,
        "16": 1,
        "5": 104,
        "4": 132,
        "2": 139,
        "1": 114,
        "10": 20,
        "7": 49,
        "15": 5,
        "9": 35,
        "3": 145,
        "11": 15,
        "8": 52,
        "14": 3,
        "18": 1,
        "12": 5,
        "24": 1,
        "20": 1,
        "21": 2,
        "17": 2,
        "33": 1,
        "35": 1,
        "actual_atk_perc": 29.8802354692469
    }
}