{
    "5": {
        "0": 532,
        "1": 300,
        "2": 114,
        "3": 40,
        "4": 12,
        "5": 1,
        "7": 1,
        "actual_atk_perc": 4.790581230123824
    },
    "10": {
        "0": 287,
        "2": 213,
        "4": 52,
        "7": 4,
        "3": 99,
        "1": 313,
        "6": 7,
        "8": 3,
        "5": 19,
        "12": 2,
        "9": 1,
        "actual_atk_perc": 9.91948034373097
    },
    "15": {
        "1": 244,
        "6": 26,
        "12": 1,
        "8": 9,
        "4": 91,
        "3": 159,
        "2": 200,
        "7": 16,
        "5": 48,
        "0": 193,
        "10": 4,
        "9": 4,
        "18": 2,
        "17": 1,
        "14": 1,
        "11": 1,
        "actual_atk_perc": 15.095743961025779
    },
    "20": {
        "2": 208,
        "1": 210,
        "8": 27,
        "4": 119,
        "3": 148,
        "0": 112,
        "6": 53,
        "16": 1,
        "7": 26,
        "5": 70,
        "9": 9,
        "11": 3,
        "10": 8,
        "17": 1,
        "12": 2,
        "15": 1,
        "29": 1,
        "22": 1,
        "actual_atk_perc": 19.81866161445294
    },
    "30": {
        "0": 52,
        "5": 122,
        "7": 64,
        "8": 50,
        "4": 107,
        "2": 147,
        "3": 156,
        "10": 18,
        "1": 122,
        "9": 28,
        "6": 94,
        "21": 1,
        "11": 8,
        "17": 5,
        "14": 3,
        "13": 2,
        "15": 3,
        "12": 11,
        "16": 2,
        "19": 2,
        "28": 1,
        "23": 1,
        "20": 1,
        "actual_atk_perc": 29.406590432370255
    }
}