{
    "5": {
        "1": 306,
        "0": 583,
        "2": 93,
        "3": 16,
        "4": 2,
        "actual_atk_perc": 5.043718361711919
    },
    "10": {
        "2": 198,
        "3": 71,
        "0": 364,
        "1": 333,
        "4": 26,
        "5": 6,
        "6": 2,
        "actual_atk_perc": 10.013805798435344
    },
    "15": {
        "2": 234,
        "1": 313,
        "0": 237,
        "4": 48,
        "5": 28,
        "3": 126,
        "6": 10,
        "7": 3,
        "8": 1,
        "actual_atk_perc": 14.542107685227796
    },
    "20": {
        "2": 225,
        "1": 251,
        "0": 143,
        "3": 177,
        "5": 46,
        "6": 38,
        "4": 105,
        "7": 11,
        "8": 4,
        "actual_atk_perc": 20.423377818683846
    },
    "30": {
        "3": 177,
        "4": 146,
        "2": 203,
        "0": 73,
        "1": 137,
        "5": 105,
        "6": 61,
        "7": 45,
        "9": 19,
        "16": 1,
        "8": 23,
        "13": 1,
        "10": 5,
        "11": 3,
        "12": 1,
        "actual_atk_perc": 30.76852277956742
    }
}