{
    "10": {
        "0": 369,
        "3": 80,
        "1": 335,
        "2": 183,
        "4": 21,
        "5": 9,
        "6": 3,
        "actual_atk_perc": 10.013805798435344
    },
    "20": {
        "4": 115,
        "2": 247,
        "1": 237,
        "0": 156,
        "3": 162,
        "7": 11,
        "5": 45,
        "6": 20,
        "8": 6,
        "9": 1,
        "actual_atk_perc": 19.843534284399446
    },
    "30": {
        "8": 26,
        "1": 154,
        "3": 194,
        "0": 85,
        "4": 156,
        "2": 170,
        "5": 97,
        "7": 38,
        "6": 62,
        "9": 10,
        "10": 8,
        "actual_atk_perc": 29.461573861021627
    }
}