{
    "10": {
        "1": 227,
        "5": 43,
        "2": 195,
        "4": 81,
        "0": 162,
        "6": 18,
        "7": 10,
        "3": 166,
        "8": 3,
        "9": 3,
        "actual_atk_perc": 10.011164867882396
    },
    "20": {
        "4": 126,
        "11": 10,
        "6": 83,
        "5": 115,
        "1": 101,
        "10": 19,
        "3": 125,
        "2": 141,
        "8": 38,
        "0": 50,
        "7": 70,
        "14": 3,
        "13": 4,
        "9": 14,
        "12": 7,
        "15": 2,
        "actual_atk_perc": 20.006379924504227
    },
    "30": {
        "11": 40,
        "19": 1,
        "7": 87,
        "13": 30,
        "5": 105,
        "3": 90,
        "4": 79,
        "16": 6,
        "2": 84,
        "9": 59,
        "1": 49,
        "0": 21,
        "10": 50,
        "8": 67,
        "6": 81,
        "15": 14,
        "12": 23,
        "14": 18,
        "17": 4,
        "actual_atk_perc": 30.522622148971234
    }
}