{
    "5": {
        "1": 290,
        "0": 577,
        "2": 93,
        "3": 33,
        "4": 4,
        "6": 1,
        "5": 2,
        "actual_atk_perc": 4.889640728210085
    },
    "10": {
        "2": 172,
        "0": 386,
        "1": 303,
        "6": 11,
        "3": 79,
        "7": 2,
        "4": 28,
        "5": 17,
        "9": 1,
        "8": 1,
        "actual_atk_perc": 9.48928628967295
    },
    "15": {
        "2": 187,
        "0": 240,
        "4": 79,
        "3": 117,
        "6": 33,
        "1": 276,
        "10": 2,
        "5": 44,
        "7": 14,
        "8": 3,
        "11": 1,
        "9": 2,
        "12": 2,
        "actual_atk_perc": 15.546963106170452
    },
    "20": {
        "5": 56,
        "1": 253,
        "2": 181,
        "4": 94,
        "6": 39,
        "7": 30,
        "10": 2,
        "0": 175,
        "3": 128,
        "9": 12,
        "8": 21,
        "11": 7,
        "12": 1,
        "14": 1,
        "actual_atk_perc": 20.122442403737715
    },
    "30": {
        "8": 40,
        "2": 174,
        "3": 136,
        "6": 67,
        "7": 57,
        "0": 83,
        "4": 107,
        "9": 26,
        "1": 180,
        "5": 77,
        "12": 12,
        "11": 18,
        "13": 4,
        "10": 13,
        "15": 1,
        "20": 2,
        "14": 3,
        "actual_atk_perc": 30.00644433703883
    }
}