{
    "5": {
        "1": 92,
        "0": 905,
        "2": 3,
        "actual_atk_perc": 4.286964129483815
    },
    "10": {
        "0": 785,
        "1": 199,
        "2": 16,
        "actual_atk_perc": 10.104986876640421
    },
    "15": {
        "0": 688,
        "1": 277,
        "2": 34,
        "3": 1,
        "actual_atk_perc": 15.223097112860891
    },
    "20": {
        "0": 552,
        "3": 7,
        "1": 384,
        "2": 57,
        "actual_atk_perc": 22.703412073490814
    },
    "30": {
        "0": 465,
        "2": 109,
        "1": 418,
        "3": 8,
        "actual_atk_perc": 28.871391076115486
    }
}