{
    "5": {
        "1": 110,
        "0": 889,
        "2": 1,
        "actual_atk_perc": 4.375
    },
    "10": {
        "1": 196,
        "0": 785,
        "2": 18,
        "3": 1,
        "actual_atk_perc": 9.1796875
    },
    "15": {
        "0": 666,
        "1": 280,
        "2": 53,
        "3": 1,
        "actual_atk_perc": 15.1953125
    },
    "20": {
        "0": 555,
        "3": 7,
        "1": 365,
        "2": 71,
        "4": 2,
        "actual_atk_perc": 20.9375
    },
    "30": {
        "0": 443,
        "2": 140,
        "1": 395,
        "3": 22,
        "actual_atk_perc": 28.945312499999996
    }
}