{
    "10": {
        "0": 776,
        "1": 200,
        "2": 21,
        "3": 3,
        "actual_atk_perc": 9.823874755381604
    },
    "20": {
        "0": 587,
        "1": 341,
        "2": 65,
        "3": 7,
        "actual_atk_perc": 19.256360078277886
    },
    "30": {
        "1": 390,
        "0": 455,
        "2": 133,
        "3": 20,
        "4": 2,
        "actual_atk_perc": 28.33659491193738
    }
}