{
    "5": {
        "0": 654,
        "1": 254,
        "3": 13,
        "2": 79,
        "actual_atk_perc": 4.757885852938074
    },
    "10": {
        "0": 405,
        "1": 340,
        "3": 51,
        "4": 15,
        "5": 4,
        "2": 185,
        "actual_atk_perc": 9.948306783415973
    },
    "15": {
        "1": 351,
        "0": 219,
        "3": 118,
        "2": 247,
        "4": 50,
        "5": 10,
        "6": 4,
        "7": 1,
        "actual_atk_perc": 15.613461335583922
    },
    "20": {
        "0": 168,
        "2": 252,
        "1": 291,
        "9": 1,
        "4": 76,
        "6": 11,
        "3": 160,
        "5": 37,
        "8": 3,
        "7": 1,
        "actual_atk_perc": 19.727819390231037
    },
    "30": {
        "0": 63,
        "3": 224,
        "1": 168,
        "2": 224,
        "5": 88,
        "7": 25,
        "4": 155,
        "6": 41,
        "12": 1,
        "8": 7,
        "10": 2,
        "9": 2,
        "actual_atk_perc": 30.330203607975527
    }
}