{
    "10": {
        "3": 141,
        "2": 233,
        "1": 226,
        "5": 46,
        "0": 165,
        "4": 84,
        "9": 2,
        "6": 25,
        "7": 12,
        "12": 1,
        "8": 7,
        "11": 1,
        "10": 1,
        "actual_atk_perc": 10.094353751684888
    },
    "20": {
        "3": 157,
        "7": 59,
        "5": 118,
        "4": 120,
        "6": 94,
        "0": 33,
        "2": 137,
        "9": 29,
        "11": 13,
        "10": 20,
        "1": 100,
        "8": 43,
        "12": 15,
        "13": 3,
        "16": 1,
        "14": 2,
        "actual_atk_perc": 20.483250961010434
    },
    "30": {
        "4": 109,
        "12": 27,
        "16": 3,
        "5": 116,
        "8": 74,
        "6": 89,
        "10": 46,
        "13": 17,
        "9": 73,
        "14": 18,
        "2": 73,
        "3": 114,
        "11": 34,
        "7": 71,
        "0": 14,
        "17": 4,
        "1": 38,
        "23": 2,
        "15": 11,
        "18": 2,
        "22": 1,
        "20": 5,
        "19": 1,
        "24": 1,
        "21": 1,
        "actual_atk_perc": 29.96355648744446
    }
}