{
    "10": {
        "0": 253,
        "2": 245,
        "1": 348,
        "3": 116,
        "4": 33,
        "5": 5,
        "actual_atk_perc": 9.987357774968395
    },
    "20": {
        "0": 57,
        "2": 232,
        "4": 153,
        "1": 175,
        "3": 246,
        "6": 36,
        "5": 84,
        "7": 10,
        "9": 2,
        "8": 5,
        "actual_atk_perc": 20.472967948241244
    },
    "30": {
        "2": 140,
        "4": 215,
        "1": 62,
        "5": 146,
        "7": 52,
        "6": 113,
        "3": 208,
        "8": 37,
        "0": 13,
        "9": 12,
        "10": 2,
        "actual_atk_perc": 29.91001710418681
    }
}