{
    "5": {
        "0": 532,
        "1": 337,
        "2": 95,
        "3": 28,
        "4": 7,
        "5": 1,
        "actual_atk_perc": 4.7891723060905775
    },
    "10": {
        "2": 214,
        "1": 371,
        "4": 32,
        "3": 101,
        "0": 272,
        "5": 9,
        "6": 1,
        "actual_atk_perc": 9.52628839146278
    },
    "15": {
        "1": 272,
        "2": 276,
        "5": 39,
        "0": 137,
        "3": 170,
        "4": 96,
        "7": 5,
        "6": 5,
        "actual_atk_perc": 14.70960065442106
    },
    "20": {
        "2": 269,
        "1": 168,
        "4": 149,
        "3": 235,
        "5": 73,
        "6": 39,
        "7": 17,
        "9": 1,
        "0": 44,
        "8": 4,
        "10": 1,
        "actual_atk_perc": 20.644009816315904
    },
    "30": {
        "1": 59,
        "2": 155,
        "3": 198,
        "4": 188,
        "6": 117,
        "5": 174,
        "7": 55,
        "11": 2,
        "8": 26,
        "0": 15,
        "9": 9,
        "10": 1,
        "13": 1,
        "actual_atk_perc": 29.79103145683052
    }
}